zip,state,city,lat,lng
75002,TX,Allen,33.093383,-96.645433
75006,TX,Carrollton,32.965736,-96.882464
75007,TX,Carrollton,33.003294,-96.881988
75008,TX,Carrollton,33.03524,-96.923197
75009,TX,Celina,33.310316,-96.767325
75010,TX,Carrollton,33.030414,-96.877746
75019,TX,Coppell,32.96727,-96.980516
75020,TX,Denison,33.745009,-96.549574
75023,TX,Plano,33.054972,-96.736454
75024,TX,Plano,33.075211,-96.784307
75025,TX,Plano,33.078377,-96.729142
75028,TX,Flower Mound,33.038268,-97.074501
75034,TX,Frisco,33.149901,-96.824105
75038,TX,Irving,32.865309,-96.990503
75039,TX,Irving,32.869669,-96.938876
75040,TX,Garland,32.922744,-96.624804
75041,TX,Garland,32.87937,-96.641115
75042,TX,Garland,32.918486,-96.677545
75043,TX,Garland,32.856502,-96.599882
75044,TX,Garland,32.952228,-96.665383
75048,TX,Sachse,32.973576,-96.591472
75050,TX,Grand Prairie,32.76488,-97.01121
75051,TX,Grand Prairie,32.711471,-97.006916
75052,TX,Grand Prairie,32.660475,-97.031142
75056,TX,The Colony,33.094023,-96.883574
75057,TX,Lewisville,33.053162,-96.999882
75058,TX,Gunter,33.449513,-96.734103
75060,TX,Irving,32.80231,-96.959665
75061,TX,Irving,32.826658,-96.963256
75062,TX,Irving,32.847854,-96.974027
75063,TX,Irving,32.924686,-96.959817
75065,TX,Lake Dallas,33.121903,-97.023709
75067,TX,Highland Village,33.04503,-97.026815
75068,TX,Lakewood Village,33.178319,-96.967811
75069,TX,Mc Kinney,33.196558,-96.608488
75070,TX,Mc Kinney,33.195148,-96.664223
75074,TX,Plano,33.027722,-96.67771
75075,TX,Plano,33.024985,-96.739743
75076,TX,Pottsboro,33.809526,-96.690562
75078,TX,Prosper,33.236169,-96.795401
75080,TX,Richardson,32.965986,-96.745249
75081,TX,Richardson,32.946217,-96.705841
75082,TX,Richardson,32.986461,-96.685957
75087,TX,Heath,32.90456,-96.454497
75088,TX,Rowlett,32.90315,-96.547161
75090,TX,Sherman,33.643525,-96.607521
75093,TX,Plano,33.029866,-96.788903
75094,TX,Murphy,33.004873,-96.609101
75098,TX,Wylie,33.004102,-96.539383
75102,TX,Barry,32.101356,-96.625141
75103,TX,Canton,32.514301,-95.904657
75104,TX,Cedar Hill,32.58847,-96.943802
75105,TX,Chatfield,32.295416,-96.388668
75110,TX,Corsicana,32.086776,-96.476151
75114,TX,Crandall,32.597465,-96.46369
75115,TX,De Soto,32.593167,-96.854721
75116,TX,Duncanville,32.65873,-96.911392
75117,TX,Edgewood,32.700326,-95.878011
75119,TX,Ennis,32.332102,-96.622363
75124,TX,Eustace,32.296485,-96.013693
75125,TX,Ferris,32.52232,-96.664321
75126,TX,Forney,32.749055,-96.459759
75127,TX,Fruitvale,32.676981,-95.789903
75134,TX,Lancaster,32.616056,-96.782997
75135,TX,Caddo Mills,33.068267,-96.239093
75137,TX,Duncanville,32.634665,-96.911325
75140,TX,Grand Saline,32.663528,-95.706411
75141,TX,Hutchins,32.639586,-96.707021
75142,TX,Kaufman,32.54599,-96.285239
75143,TX,Seven Points,32.369146,-96.257768
75144,TX,Kerens,32.127463,-96.229828
75146,TX,Lancaster,32.591395,-96.772805
75147,TX,Gun Barrel City,32.307513,-96.129524
75148,TX,Malakoff,32.170511,-96.005952
75149,TX,Mesquite,32.767821,-96.608219
75150,TX,Mesquite,32.815416,-96.630681
75152,TX,Palmer,32.438714,-96.679429
75153,TX,Powell,32.119557,-96.332713
75154,TX,Ovilla,32.516096,-96.820337
75155,TX,Rice,32.225788,-96.460613
75158,TX,Scurry,32.48184,-96.392451
75159,TX,Seagoville,32.652522,-96.557967
75160,TX,Terrell,32.714292,-96.251342
75163,TX,Trinidad,32.138341,-96.08307
75165,TX,Waxahachie,32.380796,-96.837398
75169,TX,Wills Point,32.72834,-96.00788
75172,TX,Wilmer,32.598133,-96.68376
75173,TX,Nevada,33.05934,-96.387657
75180,TX,Balch Springs,32.720216,-96.615278
75181,TX,Mesquite,32.727166,-96.566889
75182,TX,Mesquite,32.801922,-96.567004
75189,TX,Royse City,32.962778,-96.36484
75201,TX,Dallas,32.790439,-96.80439
75202,TX,Dallas,32.778056,-96.805352
75203,TX,Dallas,32.745985,-96.806976
75204,TX,Dallas,32.803814,-96.785144
75205,TX,Village,32.836878,-96.793828
75206,TX,Dallas,32.831029,-96.769219
75207,TX,Dallas,32.793897,-96.831871
75208,TX,Dallas,32.749208,-96.838898
75209,TX,Dallas,32.84564,-96.825984
75210,TX,Dallas,32.769919,-96.742974
75211,TX,Cockrell Hill,32.736928,-96.881797
75212,TX,Dallas,32.782884,-96.871396
75214,TX,Dallas,32.824789,-96.749774
75215,TX,Dallas,32.758206,-96.76226
75216,TX,Dallas,32.708611,-96.795488
75217,TX,Dallas,32.724429,-96.675481
75218,TX,Dallas,32.846335,-96.697212
75219,TX,Dallas,32.813245,-96.814166
75220,TX,Dallas,32.868131,-96.862202
75223,TX,Dallas,32.794173,-96.747475
75224,TX,Dallas,32.711415,-96.838711
75225,TX,Dallas,32.862808,-96.791753
75226,TX,Dallas,32.78871,-96.767552
75227,TX,Dallas,32.767226,-96.683586
75228,TX,Dallas,32.824997,-96.678378
75229,TX,Dallas,32.8958,-96.8588
75230,TX,Dallas,32.89994,-96.789679
75231,TX,Dallas,32.875621,-96.74953
75232,TX,Dallas,32.664708,-96.838392
75233,TX,Dallas,32.704638,-96.872547
75234,TX,Farmers Branch,32.929803,-96.876848
75235,TX,Dallas,32.825213,-96.838843
75236,TX,Dallas,32.690002,-96.917737
75237,TX,Dallas,32.658972,-96.876453
75238,TX,Dallas,32.876976,-96.707982
75239,TX,Dallas,32.659974,-96.732769
75240,TX,Dallas,32.937431,-96.787214
75241,TX,Dallas,32.672216,-96.777421
75243,TX,Dallas,32.910347,-96.728472
75244,TX,Farmers Branch,32.925817,-96.842533
75246,TX,Dallas,32.79484,-96.769696
75247,TX,Dallas,32.801323,-96.887123
75248,TX,Dallas,32.968199,-96.794242
75249,TX,Dallas,32.636024,-96.949266
75251,TX,Dallas,32.912203,-96.771831
75252,TX,Dallas,32.996848,-96.792113
75253,TX,Dallas,32.683311,-96.59643
75287,TX,Dallas,33.000458,-96.83143
75401,TX,Greenville,33.117476,-96.102416
75407,TX,Princeton,33.155542,-96.498073
75409,TX,Anna,33.344516,-96.563862
75410,TX,Alba,32.765235,-95.597102
75411,TX,Arthur City,33.840031,-95.494037
75412,TX,Bagwell,33.836089,-95.14869
75414,TX,Bells,33.617817,-96.423668
75415,TX,Ben Franklin,33.474146,-95.759107
75416,TX,Blossom,33.694547,-95.382341
75417,TX,Bogata,33.469862,-95.193725
75418,TX,Bonham,33.580559,-96.183566
75420,TX,Brashear,33.115521,-95.73451
75421,TX,Brookston,33.624555,-95.688812
75422,TX,Campbell,33.151049,-95.943919
75423,TX,Celeste,33.264913,-96.207635
75424,TX,Blue Ridge,33.306135,-96.390056
75426,TX,Clarksville,33.623563,-95.046094
75428,TX,Commerce,33.2493,-95.90968
75431,TX,Como,33.064231,-95.362655
75432,TX,Cooper,33.381166,-95.662311
75433,TX,Cumby,33.111761,-95.794536
75435,TX,Deport,33.522077,-95.365351
75436,TX,Detroit,33.662691,-95.23848
75437,TX,Dike,33.196485,-95.471125
75438,TX,Dodd City,33.564704,-96.06194
75439,TX,Ector,33.581913,-96.273533
75440,TX,Emory,32.875041,-95.741786
75442,TX,Farmersville,33.165862,-96.368619
75446,TX,Honey Grove,33.598505,-95.9109
75447,TX,Ivanhoe,33.67364,-96.169811
75448,TX,Klondike,33.303375,-95.801762
75449,TX,Ladonia,33.424527,-95.945489
75450,TX,Lake Creek,33.467493,-95.622131
75451,TX,Leesburg,32.976275,-95.107924
75452,TX,Leonard,33.404363,-96.223772
75453,TX,Lone Oak,32.991571,-95.943412
75454,TX,Melissa,33.284114,-96.574009
75455,TX,Mount Pleasant,33.173309,-94.969461
75457,TX,Mount Vernon,33.170204,-95.218106
75459,TX,Howe,33.534867,-96.640723
75460,TX,Paris,33.658077,-95.537881
75468,TX,Pattonville,33.570234,-95.3908
75469,TX,Pecan Gap,33.419641,-95.826196
75470,TX,Petty,33.609765,-95.789057
75471,TX,Pickton,33.042401,-95.462979
75472,TX,Point,32.900743,-95.890285
75473,TX,Powderly,33.777877,-95.530692
75474,TX,Quinlan,32.898347,-96.126083
75476,TX,Ravenna,33.709757,-96.145157
75477,TX,Roxton,33.542934,-95.741605
75478,TX,Saltillo,33.176678,-95.343324
75479,TX,Savoy,33.606571,-96.350156
75480,TX,Scroggins,32.991177,-95.239683
75481,TX,Sulphur Bluff,33.333379,-95.37396
75482,TX,Sulphur Springs,33.134541,-95.592161
75486,TX,Sumner,33.758941,-95.680671
75487,TX,Talco,33.33436,-95.049718
75488,TX,Telephone,33.797854,-96.044945
75490,TX,Trenton,33.423491,-96.339754
75491,TX,Whitewright,33.519041,-96.451025
75492,TX,Windom,33.563295,-96.002002
75493,TX,Winfield,33.161498,-95.078984
75494,TX,Winnsboro,32.91462,-95.27265
75495,TX,Van Alstyne,33.429169,-96.548632
75496,TX,Wolfe City,33.360479,-96.06907
75497,TX,Yantis,32.925694,-95.531113
75501,TX,Wake Village,33.407371,-94.118245
75503,TX,Texarkana,33.466906,-94.077374
75550,TX,Annona,33.553519,-94.899226
75551,TX,Atlanta,33.10898,-94.164617
75554,TX,Avery,33.533935,-94.786708
75555,TX,Bivins,32.96602,-94.140406
75556,TX,Bloomburg,33.133859,-94.064688
75558,TX,Cookville,33.181908,-94.873291
75559,TX,De Kalb,33.472741,-94.621092
75560,TX,Douglassville,33.175806,-94.346699
75561,TX,Leary,33.477542,-94.269188
75563,TX,Linden,33.004821,-94.360509
75566,TX,Marietta,33.179618,-94.542098
75567,TX,Maud,33.35504,-94.482267
75568,TX,Naples,33.191186,-94.689061
75569,TX,Nash,33.439786,-94.142237
75570,TX,Boston,33.462119,-94.433882
75571,TX,Omaha,33.180794,-94.763944
75572,TX,Queen City,33.18736,-94.154825
75574,TX,Simms,33.498727,-94.603862
75601,TX,Longview,32.526854,-94.72328
75602,TX,Longview,32.472373,-94.710078
75603,TX,Longview,32.426368,-94.711691
75604,TX,Longview,32.525139,-94.798957
75605,TX,Longview,32.554711,-94.776748
75630,TX,Avinger,32.848514,-94.579534
75631,TX,Beckville,32.245165,-94.455451
75633,TX,Carthage,32.154379,-94.352721
75638,TX,Daingerfield,33.031263,-94.735899
75639,TX,De Berry,32.254327,-94.13557
75640,TX,New Diana,32.704585,-94.698122
75643,TX,Gary,32.019848,-94.281501
75644,TX,Gilmer,32.724565,-94.971434
75647,TX,Gladewater,32.555858,-94.932001
75650,TX,Hallsville,32.507283,-94.533308
75651,TX,Harleton,32.657858,-94.465165
75652,TX,Henderson,32.152375,-94.791962
75656,TX,Hughes Springs,33.016763,-94.622758
75657,TX,Smithland,32.779863,-94.371217
75661,TX,Karnack,32.620508,-94.20005
75662,TX,Kilgore,32.383557,-94.865271
75667,TX,Laneville,31.950821,-94.866027
75668,TX,Lone Star,32.946982,-94.718303
75669,TX,Long Branch,32.050224,-94.472028
75670,TX,Marshall,32.53378,-94.36191
75681,TX,Mount Enterprise,31.9125,-94.623505
75683,TX,Ore City,32.785588,-94.751401
75684,TX,Overton,32.269041,-94.952914
75686,TX,Pittsburg,32.96231,-94.960337
75687,TX,Price,32.100842,-94.941494
75689,TX,Turnertown,32.18734,-94.950805
75691,TX,Tatum,32.326569,-94.596027
75692,TX,Waskom,32.467183,-94.137884
75693,TX,Clarksville City,32.537232,-94.862115
75701,TX,Tyler,32.325366,-95.292179
75702,TX,Tyler,32.361969,-95.311652
75703,TX,Tyler,32.276827,-95.303147
75704,TX,Tyler,32.373781,-95.406977
75705,TX,Tyler,32.376599,-95.125225
75706,TX,Tyler,32.444148,-95.330993
75707,TX,Tyler,32.303782,-95.192692
75708,TX,East Texas Cente,32.389193,-95.244354
75709,TX,Tyler,32.307817,-95.395563
75750,TX,Arp,32.241758,-95.063908
75751,TX,Athens,32.193499,-95.84318
75754,TX,Ben Wheeler,32.412588,-95.637085
75755,TX,Big Sandy,32.61682,-95.088034
75756,TX,Edom,32.290514,-95.62289
75757,TX,Mount Selman,32.135745,-95.375045
75758,TX,Chandler,32.270638,-95.502531
75760,TX,Cushing,31.797767,-94.853887
75762,TX,Flint,32.207927,-95.394848
75763,TX,Frankston,32.053488,-95.516284
75765,TX,Hawkins,32.643901,-95.222015
75766,TX,Jacksonville,31.96177,-95.270328
75770,TX,Larue,32.160758,-95.592661
75771,TX,Mt Sylvan,32.517152,-95.429932
75773,TX,Mineola,32.666059,-95.487032
75778,TX,Murchison,32.325732,-95.77372
75783,TX,Quitman,32.804862,-95.430161
75784,TX,Reklaw,31.885858,-95.011834
75785,TX,Dialville,31.80976,-95.173156
75789,TX,Troup,32.104003,-95.122656
75790,TX,Van,32.528265,-95.654538
75791,TX,Whitehouse,32.221958,-95.226552
75792,TX,Winona,32.466163,-95.124624
75801,TX,Palestine,31.758752,-95.634158
75831,TX,Freestone,31.457151,-96.058516
75833,TX,Centerville,31.272025,-95.921287
75835,TX,Austonio,31.315067,-95.46833
75838,TX,Donie,31.487285,-96.238687
75839,TX,Slocum,31.635087,-95.553232
75840,TX,Fairfield,31.736136,-96.157176
75844,TX,Grapeland,31.49721,-95.444713
75845,TX,Groveton,31.065142,-95.096894
75846,TX,Jewett,31.373925,-96.191841
75847,TX,Kennard,31.338449,-95.154118
75850,TX,Leona,31.14207,-95.928428
75851,TX,Lovelady,31.0564,-95.550057
75852,TX,Midway,30.980579,-95.70894
75853,TX,Montalba,31.922165,-95.75926
75855,TX,Oakwood,31.602312,-95.902151
75856,TX,Pennington,31.161843,-95.158678
75859,TX,Streetman,31.888532,-96.298763
75860,TX,Teague,31.632772,-96.27778
75861,TX,Tennessee Colony,31.792882,-95.899798
75862,TX,Trinity,30.941951,-95.340295
75901,TX,Keltys,31.336004,-94.734185
75925,TX,Forest,31.647815,-95.079786
75926,TX,Apple Springs,31.226923,-94.981152
75928,TX,Bon Wier,30.687557,-93.766465
75929,TX,Broaddus,31.295241,-94.215552
75930,TX,Bronson,31.339056,-93.999256
75931,TX,Brookeland,31.106273,-94.003566
75932,TX,Burkeville,31.009934,-93.658517
75933,TX,Call,30.574132,-93.833355
75935,TX,Center,31.786468,-94.186947
75936,TX,Chester,30.928532,-94.458099
75937,TX,Chireno,31.511935,-94.430244
75938,TX,Rockland,30.909226,-94.421811
75939,TX,Barnum,31.000657,-94.7959
75941,TX,Diboll,31.195028,-94.772911
75943,TX,Douglass,31.657846,-94.869649
75946,TX,Garrison,31.811111,-94.526604
75948,TX,Hemphill,31.316123,-93.79045
75949,TX,Huntington,31.283714,-94.566237
75951,TX,Sam Rayburn,30.925348,-94.021481
75954,TX,Joaquin,31.943989,-94.060833
75956,TX,Bon Ami,30.688217,-93.927934
75957,TX,Magnolia Springs,30.762882,-94.070896
75959,TX,Milam,31.47001,-93.831816
75960,TX,Moscow,30.917902,-94.85437
75961,TX,Appleby,31.618534,-94.651093
75966,TX,Newton,30.835074,-93.7497
75968,TX,Pineland,31.241782,-93.97542
75969,TX,Pollok,31.429107,-94.825403
75972,TX,San Augustine,31.515173,-94.132581
75973,TX,Shelbyville,31.713074,-93.969841
75974,TX,Tenaha,31.940812,-94.248773
75975,TX,Timpson,31.884089,-94.396733
75976,TX,Wells,31.499755,-94.969351
75977,TX,Wiergate,31.041417,-93.803854
75979,TX,Dogwood,30.775133,-94.425494
75980,TX,Zavalla,31.156863,-94.387115
76006,TX,Arlington,32.778494,-97.083425
76008,TX,Aledo,32.700351,-97.603885
76009,TX,Alvarado,32.439499,-97.212971
76010,TX,Arlington,32.720368,-97.082576
76011,TX,Arlington,32.758236,-97.100302
76012,TX,Arlington,32.753962,-97.134808
76013,TX,Arlington,32.719905,-97.14416
76014,TX,Arlington,32.695425,-97.087556
76015,TX,Arlington,32.693125,-97.134685
76016,TX,Arlington,32.688898,-97.190466
76017,TX,Arlington,32.65545,-97.159899
76018,TX,Arlington,32.654752,-97.091987
76020,TX,Azle,32.903453,-97.541153
76021,TX,Bedford,32.853579,-97.135797
76022,TX,Bedford,32.829749,-97.145351
76023,TX,Boyd,33.059367,-97.586797
76028,TX,Burleson,32.531624,-97.308959
76031,TX,Cleburne,32.342891,-97.397957
76034,TX,Colleyville,32.88721,-97.146026
76035,TX,Cresson,32.530714,-97.651931
76036,TX,Crowley,32.581398,-97.370306
76039,TX,Euless,32.858172,-97.083212
76040,TX,Euless,32.826358,-97.097203
76041,TX,Forreston,32.281131,-96.887522
76043,TX,Glen Rose,32.229762,-97.762911
76044,TX,Godley,32.428174,-97.534865
76048,TX,Granbury,32.42505,-97.774173
76049,TX,Granbury,32.448811,-97.728484
76050,TX,Grandview,32.277856,-97.235069
76051,TX,Grapevine,32.93143,-97.096203
76052,TX,Haslet,32.955734,-97.337185
76053,TX,Hurst,32.821107,-97.175613
76054,TX,Hurst,32.855832,-97.175521
76055,TX,Itasca,32.163589,-97.146034
76058,TX,Joshua,32.466252,-97.401123
76059,TX,Keene,32.393659,-97.32868
76060,TX,Kennedale,32.64316,-97.213853
76063,TX,Mansfield,32.577258,-97.141551
76064,TX,Maypearl,32.327878,-96.98803
76065,TX,Midlothian,32.475743,-96.993551
76066,TX,Millsap,32.670019,-97.878386
76067,TX,Mineral Wells,32.810283,-98.063051
76070,TX,Nemo,32.271312,-97.656668
76071,TX,Newark,33.007099,-97.510696
76073,TX,Paradise,33.082607,-97.697423
76077,TX,Rainbow,32.281216,-97.70652
76078,TX,Rhome,33.054045,-97.481688
76082,TX,Springtown,32.966021,-97.634951
76084,TX,Venus,32.432975,-97.108734
76086,TX,Weatherford,32.784074,-97.738591
76087,TX,Weatherford,32.749473,-97.689439
76092,TX,Grapevine,32.956456,-97.148066
76093,TX,Rio Vista,32.253168,-97.367825
76102,TX,Fort Worth,32.758897,-97.328023
76103,TX,Fort Worth,32.747005,-97.260394
76104,TX,Fort Worth,32.725551,-97.318409
76105,TX,Fort Worth,32.723325,-97.26899
76106,TX,Fort Worth,32.796849,-97.356008
76107,TX,Fort Worth,32.739175,-97.385248
76108,TX,White Settlement,32.759271,-97.474063
76109,TX,Fort Worth,32.700246,-97.378876
76110,TX,Fort Worth,32.706505,-97.337505
76111,TX,Fort Worth,32.782382,-97.300327
76112,TX,Fort Worth,32.749297,-97.218122
76114,TX,River Oaks,32.775379,-97.401526
76115,TX,Fort Worth,32.679618,-97.333634
76116,TX,Fort Worth,32.723032,-97.448279
76117,TX,Haltom City,32.808742,-97.270891
76118,TX,North Richland H,32.808944,-97.222781
76119,TX,Fort Worth,32.691379,-97.267492
76120,TX,Fort Worth,32.763912,-97.178112
76123,TX,Fort Worth,32.625361,-97.365838
76126,TX,Benbrook,32.670023,-97.464141
76127,TX,Carswell Afb,32.771846,-97.435453
76131,TX,Fort Worth,32.863156,-97.337656
76132,TX,Fort Worth,32.671092,-97.405626
76133,TX,Fort Worth,32.652561,-97.375849
76134,TX,Fort Worth,32.646886,-97.332467
76135,TX,Fort Worth,32.824844,-97.45191
76137,TX,Fort Worth,32.866421,-97.289114
76140,TX,Everman,32.631332,-97.270406
76148,TX,Watauga,32.8681,-97.249029
76155,TX,Fort Worth,32.824742,-97.050285
76177,TX,Fort Worth,32.901017,-97.332671
76179,TX,Saginaw,32.872961,-97.403149
76180,TX,North Richland H,32.853966,-97.220714
76201,TX,Denton,33.22893,-97.131436
76205,TX,Denton,33.180106,-97.101833
76225,TX,Alvord,33.36982,-97.688488
76226,TX,Argyle,33.106244,-97.159977
76227,TX,Aubrey,33.291997,-96.987866
76228,TX,Bellevue,33.58789,-98.157373
76230,TX,Bowie,33.556796,-97.837337
76233,TX,Collinsville,33.558012,-96.901365
76234,TX,Decatur,33.235077,-97.573995
76238,TX,Era,33.50101,-97.292358
76239,TX,Forestburg,33.539778,-97.584774
76240,TX,Lake Kiowa,33.625943,-97.103208
76245,TX,Gordonville,33.834283,-96.84027
76247,TX,Justin,33.073375,-97.309254
76248,TX,Keller,32.927556,-97.248883
76249,TX,Krum,33.27337,-97.267452
76250,TX,Lindsay,33.63601,-97.221436
76251,TX,Montague,33.663899,-97.728226
76252,TX,Muenster,33.659549,-97.362409
76255,TX,Nocona,33.798163,-97.726982
76258,TX,Pilot Point,33.370983,-96.944554
76259,TX,Ponder,33.177383,-97.284815
76261,TX,Ringgold,33.816392,-97.943982
76262,TX,Trophy Club,32.98639,-97.205346
76263,TX,Rosston,33.483795,-97.454172
76264,TX,Sadler,33.730989,-96.840017
76265,TX,Saint Jo,33.744024,-97.556756
76266,TX,Sanger,33.356266,-97.181432
76270,TX,Sunset,33.453909,-97.770891
76271,TX,Tioga,33.467493,-96.909712
76272,TX,Valley View,33.502166,-97.231053
76273,TX,Whitesboro,33.659021,-96.878984
76301,TX,Wichita Falls,33.905284,-98.497645
76302,TX,Wichita Falls,33.864278,-98.493987
76303,TX,Wichita Falls,33.899837,-98.460812
76304,TX,Wichita Falls,33.930806,-98.500491
76305,TX,Wichita Falls,33.937345,-98.540679
76306,TX,Wichita Falls,33.974595,-98.524835
76308,TX,Wichita Falls,33.863258,-98.533965
76309,TX,Wichita Falls,33.893084,-98.534288
76310,TX,Wichita Falls,33.858122,-98.575548
76311,TX,Sheppard Afb,33.982353,-98.508771
76350,TX,76350,33.431472,-98.371578
76354,TX,Burkburnett,34.085989,-98.570842
76357,TX,Byers,34.072812,-98.183929
76359,TX,Elbert,33.015687,-99.055214
76360,TX,Electra,34.036234,-98.91545
76363,TX,Goree,33.474832,-99.525806
76364,TX,Harrold,34.097097,-99.035052
76365,TX,Henrietta,33.819609,-98.259976
76366,TX,Holliday,33.675141,-98.657634
76367,TX,Iowa Park,33.94235,-98.674497
76371,TX,Munday,33.456088,-99.632624
76372,TX,Newcastle,33.190103,-98.744644
76373,TX,Oklaunion,34.120372,-99.160234
76374,TX,Olney,33.360135,-98.742695
76377,TX,Petrolia,34.027331,-98.269223
76378,TX,76378,33.611763,-99.40547
76379,TX,Scotland,33.653486,-98.464983
76380,TX,Seymour,33.591445,-99.258727
76383,TX,Vera,33.615469,-99.759098
76384,TX,Vernon,34.149135,-99.30301
76388,TX,Weinert,33.324872,-99.666431
76389,TX,Windthorst,33.57957,-98.437589
76401,TX,Stephenville,32.221372,-98.222407
76424,TX,Breckenridge,32.753166,-98.909882
76426,TX,Bridgeport,33.187027,-97.78098
76427,TX,Bryson,33.15947,-98.370256
76429,TX,Caddo,32.688617,-98.658983
76430,TX,Albany,32.719005,-99.319581
76431,TX,Chico,33.319315,-97.803133
76432,TX,Blanket,31.78819,-98.831089
76433,TX,Bluff Dale,32.401791,-98.163775
76435,TX,Carbon,32.270125,-98.83479
76436,TX,Carlton,31.911438,-98.152519
76437,TX,Cisco,32.380043,-98.986507
76442,TX,Comanche,31.911637,-98.608227
76443,TX,Cross Plains,32.148159,-99.18718
76444,TX,De Leon,32.108742,-98.54894
76445,TX,Desdemona,32.281877,-98.567327
76446,TX,Dublin,32.090873,-98.345469
76447,TX,76447,32.081163,-98.067535
76448,TX,Eastland,32.399418,-98.807101
76449,TX,Graford,32.924192,-98.337002
76450,TX,Graham,33.099283,-98.583212
76453,TX,Gordon,32.547828,-98.363211
76454,TX,Gorman,32.223441,-98.683408
76455,TX,Gustine,31.872448,-98.383488
76457,TX,Hico,31.959718,-98.024933
76458,TX,Jacksboro,33.234655,-98.168138
76459,TX,Jermyn,33.263554,-98.393149
76460,TX,Loving,33.26886,-98.50237
76462,TX,Lipan,32.507218,-97.953614
76463,TX,Mingus,32.562665,-98.426262
76464,TX,Moran,32.554909,-99.165567
76470,TX,Ranger,32.46809,-98.674659
76471,TX,Rising Star,32.127986,-98.985852
76472,TX,Santo,32.597935,-98.179675
76474,TX,Sidney,31.932031,-98.767995
76475,TX,Strawn,32.5945,-98.499467
76476,TX,Tolar,32.377246,-97.880208
76483,TX,Throckmorton,33.179446,-99.183812
76484,TX,Palo Pinto,32.725315,-98.270262
76486,TX,Perrin,33.058453,-98.044006
76487,TX,Poolville,32.968023,-97.847229
76490,TX,Whitt,32.955459,-98.021008
76491,TX,Woodson,33.301972,-99.015953
76501,TX,Temple,31.089518,-97.334264
76502,TX,Temple,31.071004,-97.389781
76504,TX,Temple,31.091742,-97.364764
76511,TX,Bartlett,30.799056,-97.426302
76513,TX,Belton,31.072298,-97.472025
76518,TX,Buckholts,30.885756,-97.124135
76519,TX,Burlington,30.945691,-96.885308
76520,TX,Cameron,30.852713,-96.976562
76522,TX,Izoro,31.125799,-97.912132
76523,TX,Davilla,30.767471,-97.200865
76524,TX,Eddy,31.326724,-97.270926
76525,TX,Bee House,31.403967,-98.055175
76526,TX,Flat,31.306475,-97.589777
76527,TX,Florence,30.78137,-97.834423
76528,TX,Turnersville,31.447646,-97.724286
76530,TX,Granger,30.739813,-97.445065
76531,TX,Hamilton,31.678116,-98.113051
76534,TX,Holland,30.879977,-97.385695
76537,TX,Jarrell,30.748406,-97.600833
76538,TX,Jonesboro,31.599601,-97.775155
76539,TX,Kempner,31.073051,-97.972068
76541,TX,Killeen,31.116426,-97.727808
76542,TX,Harker Heights,31.075056,-97.746736
76543,TX,Harker Heights,31.100505,-97.676864
76544,TX,Fort Hood,31.137953,-97.776404
76550,TX,Lampasas,31.067957,-98.183361
76556,TX,Milano,30.736612,-96.803477
76557,TX,Moody,31.253321,-97.409957
76559,TX,Nolanville,31.083271,-97.594109
76561,TX,Oglesby,31.443767,-97.550093
76565,TX,Pottsville,31.68374,-98.356077
76566,TX,Purmela,31.472647,-97.888945
76567,TX,Rockdale,30.658282,-97.0079
76569,TX,Rogers,30.955013,-97.222793
76570,TX,Rosebud,31.092208,-96.975455
76571,TX,Salado,30.949388,-97.532999
76574,TX,Taylor,30.58071,-97.440103
76577,TX,Thorndale,30.608237,-97.176446
76578,TX,Thrall,30.591981,-97.289261
76579,TX,Troy,31.175855,-97.285205
76621,TX,Abbott,31.891642,-97.067146
76622,TX,Aquilla,31.858882,-97.22577
76624,TX,Axtell,31.660966,-96.988178
76626,TX,Blooming Grove,32.075839,-96.700991
76627,TX,Blum,32.105183,-97.365183
76629,TX,Bremond,31.156007,-96.669744
76630,TX,Bruceville,31.326708,-97.234244
76631,TX,Bynum,31.990668,-96.983702
76632,TX,Chilton,31.310018,-97.09002
76633,TX,China Spring,31.667266,-97.300221
76634,TX,Laguna Park,31.799689,-97.515282
76635,TX,Coolidge,31.743804,-96.657744
76636,TX,Covington,32.159538,-97.259091
76637,TX,Cranfills Gap,31.781071,-97.78537
76638,TX,Crawford,31.559765,-97.389992
76639,TX,Dawson,31.897429,-96.708483
76640,TX,Elm Mott,31.672547,-97.113838
76641,TX,Frost,32.027545,-96.768437
76642,TX,Groesbeck,31.535667,-96.523381
76643,TX,Hewitt,31.458166,-97.196556
76645,TX,Hillsboro,32.014942,-97.119791
76648,TX,Hubbard,31.843559,-96.80001
76649,TX,Iredell,31.972197,-97.879283
76651,TX,Italy,32.178508,-96.88229
76652,TX,Kopperl,32.103491,-97.542085
76653,TX,Kosse,31.314704,-96.619475
76655,TX,Lorena,31.409271,-97.230161
76656,TX,Lott,31.192462,-97.058143
76657,TX,Mc Gregor,31.443099,-97.394318
76660,TX,Malone,31.923979,-96.890682
76661,TX,Marlin,31.303592,-96.888942
76664,TX,Mart,31.545798,-96.838133
76665,TX,Meridian,31.929022,-97.64433
76666,TX,Mertens,32.02753,-96.898128
76667,TX,Mexia,31.678386,-96.495186
76670,TX,Milford,32.148198,-96.96115
76671,TX,Morgan,32.01946,-97.560829
76673,TX,Mount Calm,31.757504,-96.894393
76675,TX,Otto,31.432733,-96.875904
76676,TX,Penelope,31.855148,-96.937164
76678,TX,Prairie Hill,31.659097,-96.809381
76679,TX,Purdon,31.948285,-96.585619
76680,TX,Reagan,31.229713,-96.741943
76681,TX,Richland,31.901785,-96.437262
76682,TX,Riesel,31.500247,-96.94764
76687,TX,Thornton,31.408326,-96.502378
76689,TX,Valley Mills,31.659876,-97.493461
76690,TX,Walnut Springs,32.059268,-97.751423
76691,TX,West,31.775385,-97.125843
76692,TX,Bonanza,31.959201,-97.33495
76693,TX,Wortham,31.786542,-96.420208
76701,TX,Waco,31.552452,-97.139608
76704,TX,Bellmead,31.575701,-97.126742
76705,TX,Bellmead,31.610787,-97.094575
76706,TX,Waco,31.517086,-97.119752
76707,TX,Waco,31.552709,-97.158824
76708,TX,Waco,31.576544,-97.178635
76710,TX,Waco,31.534981,-97.189891
76711,TX,Beverly Hills,31.519863,-97.150254
76712,TX,Woodway,31.505074,-97.231062
76801,TX,Early,31.704658,-98.975164
76820,TX,Art,30.775419,-99.093732
76821,TX,Ballinger,31.746836,-99.958927
76823,TX,Bangs,31.768388,-99.107657
76824,TX,Bend,31.11231,-98.482102
76825,TX,Fife,31.128304,-99.3372
76827,TX,Brookesmith,31.517602,-99.127729
76828,TX,Burkett,31.998623,-99.255258
76831,TX,Castell,30.697429,-98.931859
76832,TX,Cherokee,30.980598,-98.66332
76834,TX,Coleman,31.828651,-99.427007
76836,TX,Doole,31.415743,-99.550605
76837,TX,Eden,31.219219,-99.840658
76841,TX,Fort Mc Kavett,30.82903,-100.080928
76842,TX,Fredonia,30.921386,-99.12156
76844,TX,Goldthwaite,31.445769,-98.574405
76845,TX,Gouldbusk,31.551075,-99.51363
76848,TX,Hext,30.881632,-99.554008
76849,TX,Junction,30.47544,-99.74731
76850,TX,76850,30.879689,-99.299552
76852,TX,Lohn,31.317297,-99.38334
76853,TX,Lometa,31.216712,-98.400553
76854,TX,London,30.617101,-99.625527
76856,TX,Mason,30.743392,-99.226117
76857,TX,May,31.957082,-98.965646
76858,TX,Melvin,31.185145,-99.5439
76859,TX,Menard,30.911898,-99.784721
76861,TX,Miles,31.612052,-100.182292
76862,TX,Millersview,31.416745,-99.717137
76864,TX,Mullin,31.574829,-98.663542
76865,TX,Norton,31.879498,-100.131515
76866,TX,Paint Rock,31.504808,-99.913936
76867,TX,Pear Valley,31.297211,-99.494742
76869,TX,Pontotoc,30.890617,-99.021224
76870,TX,Priddy,31.687418,-98.501464
76871,TX,Richland Springs,31.275317,-98.850731
76872,TX,Rochelle,31.300011,-99.157229
76873,TX,Rockwood,31.503677,-99.374579
76874,TX,Roosevelt,30.532203,-99.916501
76875,TX,Rowena,31.64355,-100.019094
76877,TX,San Saba,31.162678,-98.730929
76878,TX,Santa Anna,31.721477,-99.321197
76880,TX,Star,31.479039,-98.415752
76882,TX,Talpa,31.803424,-99.674679
76883,TX,Telegraph,30.367365,-99.928369
76884,TX,Valera,31.77314,-99.563962
76885,TX,Valley Spring,30.836862,-98.832541
76887,TX,Voca,30.995874,-99.168203
76888,TX,Leaday,31.639194,-99.538536
76890,TX,Zephyr,31.669429,-98.818199
76901,TX,San Angelo,31.478165,-100.481752
76903,TX,San Angelo,31.470735,-100.438586
76904,TX,San Angelo,31.419411,-100.480036
76905,TX,San Angelo,31.464738,-100.390005
76930,TX,Barnhart,31.159647,-101.191752
76932,TX,Best,31.240592,-101.478776
76933,TX,Bronte,31.878939,-100.298765
76934,TX,Carlsbad,31.597995,-100.627501
76935,TX,Christoval,31.23461,-100.52031
76936,TX,Eldorado,30.86667,-100.58894
76937,TX,Eola,31.429812,-100.072892
76940,TX,Mereta,31.48632,-100.183391
76941,TX,Mertzon,31.282884,-100.822101
76943,TX,Ozona,30.716369,-101.238802
76945,TX,Robert Lee,31.895091,-100.510366
76949,TX,Silver,32.048371,-100.692229
76950,TX,Sonora,30.555752,-100.630667
76951,TX,Sterling City,31.835063,-101.001729
76955,TX,Vancourt,31.340417,-100.180367
76957,TX,Wall,31.369445,-100.322132
77002,TX,Houston,29.759366,-95.359361
77003,TX,Houston,29.748903,-95.339108
77004,TX,Houston,29.724687,-95.362546
77005,TX,Houston,29.717856,-95.426261
77006,TX,Houston,29.740899,-95.392255
77007,TX,Houston,29.773603,-95.403421
77008,TX,Houston,29.799096,-95.411797
77009,TX,Houston,29.793558,-95.367481
77010,TX,Houston,29.75125,-95.356549
77011,TX,Houston,29.741992,-95.307262
77012,TX,Houston,29.71491,-95.281925
77013,TX,Houston,29.784169,-95.230134
77014,TX,Houston,29.979637,-95.462497
77015,TX,Houston,29.785287,-95.185189
77016,TX,Houston,29.857855,-95.303199
77017,TX,Houston,29.686301,-95.255485
77018,TX,Houston,29.827166,-95.426631
77019,TX,Houston,29.751651,-95.40539
77020,TX,Houston,29.775759,-95.312101
77021,TX,Houston,29.69538,-95.356151
77022,TX,Houston,29.829862,-95.376862
77023,TX,Houston,29.724179,-95.317777
77024,TX,Houston,29.76958,-95.520063
77025,TX,Houston,29.688897,-95.434107
77026,TX,Houston,29.797168,-95.328775
77027,TX,Houston,29.739571,-95.446032
77028,TX,Houston,29.829657,-95.287886
77029,TX,Jacinto City,29.760326,-95.254861
77030,TX,V A Hospital,29.70372,-95.40619
77031,TX,Houston,29.658144,-95.541281
77032,TX,Houston,29.93676,-95.329883
77033,TX,Houston,29.668566,-95.338157
77034,TX,Houston,29.636395,-95.221615
77035,TX,Houston,29.651833,-95.485368
77036,TX,Houston,29.698447,-95.540464
77037,TX,Houston,29.889161,-95.393515
77038,TX,Houston,29.91956,-95.438601
77039,TX,Houston,29.906731,-95.33338
77040,TX,Jersey Village,29.879613,-95.529969
77041,TX,Houston,29.860187,-95.581663
77042,TX,Houston,29.740446,-95.558895
77043,TX,Houston,29.805181,-95.560734
77044,TX,Houston,29.863485,-95.19757
77045,TX,Houston,29.629717,-95.438166
77046,TX,Houston,29.73279,-95.431845
77047,TX,Houston,29.625443,-95.374993
77048,TX,Houston,29.632097,-95.341606
77049,TX,Houston,29.823471,-95.184815
77050,TX,Houston,29.901456,-95.284837
77051,TX,Houston,29.65792,-95.368763
77053,TX,Houston,29.596156,-95.458709
77054,TX,Houston,29.685209,-95.401677
77055,TX,Houston,29.797064,-95.495787
77056,TX,Houston,29.744584,-95.468282
77057,TX,Houston,29.74217,-95.490253
77058,TX,Houston,29.574787,-95.057413
77059,TX,Houston,29.597493,-95.113354
77060,TX,Houston,29.933462,-95.398061
77061,TX,Houston,29.665221,-95.278987
77062,TX,Houston,29.572084,-95.130292
77063,TX,Houston,29.734843,-95.522039
77064,TX,Houston,29.918981,-95.556894
77065,TX,Houston,29.931933,-95.61063
77066,TX,Houston,29.961027,-95.494717
77067,TX,Houston,29.954717,-95.452158
77068,TX,Houston,30.006867,-95.489661
77069,TX,Houston,29.986292,-95.520827
77070,TX,Houston,29.978099,-95.58027
77071,TX,Houston,29.651838,-95.517554
77072,TX,Houston,29.699026,-95.586155
77073,TX,Houston,30.019767,-95.408671
77074,TX,Houston,29.689601,-95.510588
77075,TX,Houston,29.622276,-95.259983
77076,TX,Houston,29.85801,-95.383442
77077,TX,Houston,29.747656,-95.602991
77078,TX,Houston,29.849724,-95.258208
77079,TX,Houston,29.773759,-95.597993
77080,TX,Houston,29.815854,-95.522986
77081,TX,Houston,29.711926,-95.484531
77082,TX,Houston,29.722283,-95.628533
77083,TX,Houston,29.694709,-95.651098
77084,TX,Houston,29.844022,-95.662329
77085,TX,Houston,29.621787,-95.481945
77086,TX,Houston,29.922667,-95.493868
77087,TX,Houston,29.687579,-95.301062
77088,TX,Houston,29.881694,-95.453877
77089,TX,Houston,29.593978,-95.221786
77090,TX,Houston,30.016673,-95.447002
77091,TX,Houston,29.853448,-95.443521
77092,TX,Houston,29.832391,-95.472031
77093,TX,Houston,29.861661,-95.340286
77094,TX,Houston,29.770536,-95.710742
77095,TX,Houston,29.894115,-95.648082
77096,TX,Houston,29.672205,-95.486066
77098,TX,Houston,29.734987,-95.411778
77099,TX,Houston,29.670869,-95.586613
77301,TX,Conroe,30.312535,-95.452667
77302,TX,Grangerland,30.250357,-95.416087
77303,TX,Cut And Shoot,30.344456,-95.369725
77304,TX,Panorama Village,30.327351,-95.495244
77327,TX,Cleveland,30.329977,-95.020152
77331,TX,Coldspring,30.602661,-95.10858
77335,TX,Goodrich,30.607909,-94.95922
77336,TX,Huffman,30.056491,-95.105069
77338,TX,Humble,30.004091,-95.282476
77339,TX,Humble,30.056333,-95.210716
77340,TX,Huntsville,30.73435,-95.534186
77345,TX,Humble,30.056641,-95.170654
77346,TX,Humble,30.004195,-95.172815
77351,TX,Segno,30.718018,-94.935278
77355,TX,Magnolia,30.1678,-95.688989
77356,TX,Montgomery,30.363932,-95.650342
77357,TX,New Caney,30.157933,-95.197968
77358,TX,New Waverly,30.535357,-95.453194
77359,TX,Oakhurst,30.71262,-95.309478
77362,TX,Pinehurst,30.158052,-95.681406
77363,TX,Plantersville,30.296931,-95.849812
77364,TX,Pointblank,30.75926,-95.229494
77365,TX,Porter,30.123731,-95.268613
77371,TX,Shepherd,30.483396,-95.092913
77372,TX,Splendora,30.232609,-95.199308
77373,TX,Spring,30.053241,-95.377329
77375,TX,Tomball,30.073923,-95.62006
77378,TX,Willis,30.432025,-95.497583
77379,TX,Klein,30.023377,-95.528481
77380,TX,The Woodlands,30.13739,-95.468944
77381,TX,The Woodlands,30.168887,-95.500743
77384,TX,Conroe,30.225725,-95.492392
77385,TX,Conroe,30.187695,-95.428789
77386,TX,Spring,30.128805,-95.423943
77388,TX,Spring,30.050546,-95.469456
77389,TX,Spring,30.104398,-95.506624
77396,TX,Humble,29.950697,-95.262186
77401,TX,Bellaire,29.702313,-95.461106
77414,TX,Sargent,28.96183,-95.92817
77417,TX,Beasley,29.479045,-95.968145
77418,TX,Bellville,29.96583,-96.253083
77419,TX,Blessing,28.864947,-96.217956
77420,TX,Boling,29.252874,-95.974045
77422,TX,Brazoria,29.023642,-95.586683
77423,TX,Brookshire,29.807168,-95.975537
77426,TX,Chappell Hill,30.183271,-96.234739
77429,TX,Cypress,29.976608,-95.635778
77430,TX,Damon,29.301381,-95.703577
77432,TX,Danevang,29.066969,-96.19765
77433,TX,Cypress,29.883633,-95.702456
77434,TX,Eagle Lake,29.584236,-96.335367
77435,TX,East Bernard,29.470458,-96.121115
77437,TX,El Campo,29.200776,-96.274266
77440,TX,Elmaton,28.83209,-96.13351
77441,TX,Fulshear,29.721698,-95.897682
77442,TX,Garwood,29.476001,-96.491925
77444,TX,Guy,29.332676,-95.770227
77445,TX,Hempstead,30.091973,-96.071648
77447,TX,Hockley,30.072888,-95.810447
77449,TX,Park Row,29.819922,-95.729267
77450,TX,Park Row,29.767632,-95.744506
77455,TX,Louise,29.14908,-96.392374
77456,TX,Markham,28.954701,-96.092768
77457,TX,Matagorda,28.764926,-95.951891
77458,TX,Midfield,28.936166,-96.226527
77459,TX,Missouri City,29.570434,-95.542284
77461,TX,Needville,29.41165,-95.827288
77465,TX,Palacios,28.71504,-96.215439
77468,TX,Pledger,29.179208,-95.898591
77469,TX,Clodine,29.593226,-95.752122
77471,TX,Rosenberg,29.549727,-95.798213
77474,TX,Sealy,29.782632,-96.159189
77477,TX,Stafford,29.622816,-95.567764
77478,TX,Sugar Land,29.634153,-95.621856
77479,TX,Sugar Land,29.578537,-95.606591
77480,TX,Sweeny,29.041508,-95.700363
77482,TX,Van Vleck,29.013879,-95.938903
77483,TX,Wadsworth,28.614288,-95.971307
77484,TX,Waller,30.086008,-95.961275
77485,TX,Wallis,29.63968,-96.045574
77486,TX,West Columbia,29.140823,-95.669388
77488,TX,Wharton,29.320488,-96.085828
77489,TX,Missouri City,29.596206,-95.511512
77493,TX,Park Row,29.804876,-95.815988
77494,TX,Park Row,29.750893,-95.811675
77502,TX,Pasadena,29.678945,-95.198193
77503,TX,Pasadena,29.687696,-95.15721
77504,TX,Pasadena,29.650133,-95.188478
77505,TX,Pasadena,29.651753,-95.146388
77506,TX,Pasadena,29.70087,-95.19895
77507,TX,Pasadena,29.6055,-95.079365
77510,TX,Alta Loma,29.371854,-95.089429
77511,TX,Alvin,29.41195,-95.251535
77514,TX,Monroe City,29.780987,-94.554819
77515,TX,Angleton,29.181049,-95.446661
77517,TX,Arcadia,29.380259,-95.129003
77518,TX,Bacliff,29.505506,-94.989293
77519,TX,Batson,30.22502,-94.60959
77520,TX,Baytown,29.746063,-94.965265
77521,TX,Baytown,29.770482,-94.969549
77530,TX,Channelview,29.791438,-95.131655
77531,TX,Clute,29.032502,-95.402595
77532,TX,Barrett,29.937812,-95.07522
77534,TX,Danbury,29.229082,-95.343465
77535,TX,Dayton,30.010208,-94.878747
77536,TX,Deer Park,29.682571,-95.122192
77538,TX,Devers,29.997835,-94.574615
77539,TX,San Leon,29.466033,-95.034496
77541,TX,Quintana,28.96968,-95.371389
77545,TX,Fresno,29.52931,-95.462608
77546,TX,Friendswood,29.522399,-95.187888
77547,TX,Galena Park,29.739204,-95.240001
77550,TX,Galveston,29.298272,-94.79297
77551,TX,Galveston,29.276584,-94.830334
77554,TX,Galveston,29.229638,-94.913716
77560,TX,Hankamer,29.87524,-94.593846
77562,TX,Highlands,29.829599,-95.039286
77563,TX,Hitchcock,29.339835,-94.992591
77564,TX,Hull,30.13337,-94.660382
77565,TX,Clear Lake Shore,29.543823,-95.039209
77566,TX,Lake Jackson,29.039275,-95.440119
77568,TX,La Marque,29.3676,-94.974159
77571,TX,Shoreacres,29.660098,-95.05721
77573,TX,League City,29.517281,-95.096274
77575,TX,Ames,30.072794,-94.763819
77577,TX,Liverpool,29.311457,-95.240754
77578,TX,Manvel,29.469381,-95.35033
77581,TX,Pearland,29.561656,-95.272069
77583,TX,Rosharon,29.420329,-95.453732
77584,TX,Pearland,29.540479,-95.320778
77585,TX,Saratoga,30.339817,-94.571718
77586,TX,El Lago,29.572895,-95.028739
77587,TX,South Houston,29.660097,-95.22582
77590,TX,Texas City,29.396984,-94.920298
77591,TX,Texas City,29.389097,-94.994204
77597,TX,Wallisville,29.859096,-94.675896
77598,TX,Webster,29.55641,-95.143985
77611,TX,Bridge City,30.04054,-93.847293
77612,TX,Buna,30.413209,-93.991263
77614,TX,Deweyville,30.289295,-93.77305
77616,TX,Fred,30.598657,-94.185948
77619,TX,Groves,29.944779,-93.915187
77622,TX,Hamshire,29.866769,-94.318739
77624,TX,Hillister,30.689911,-94.407588
77625,TX,Kountze,30.370316,-94.325905
77627,TX,Nederland,29.971609,-94.001192
77630,TX,West Orange,30.125167,-93.771883
77640,TX,Port Acres,29.882557,-93.962562
77642,TX,Port Arthur,29.92119,-93.926962
77650,TX,Crystal Beach,29.459788,-94.611678
77651,TX,Port Neches,29.976983,-93.962624
77656,TX,Silsbee,30.324387,-94.190726
77659,TX,Sour Lake,30.149134,-94.373341
77660,TX,Spurger,30.778057,-94.212745
77662,TX,Vidor,30.15018,-94.000779
77664,TX,Warren,30.597776,-94.411974
77665,TX,Winnie,29.815676,-94.339499
77701,TX,Beaumont,30.068805,-94.103896
77702,TX,Beaumont,30.087057,-94.125412
77703,TX,Beaumont,30.113201,-94.119698
77705,TX,Beaumont,30.021128,-94.115673
77706,TX,Beaumont,30.094834,-94.164816
77707,TX,Beaumont,30.068567,-94.175541
77708,TX,Beaumont,30.139957,-94.160357
77713,TX,Beaumont,30.084996,-94.260719
77801,TX,Bryan,30.632698,-96.36616
77802,TX,Bryan,30.658171,-96.335143
77803,TX,Bryan,30.691293,-96.371398
77830,TX,Anderson,30.544291,-96.001822
77831,TX,Singleton,30.764059,-95.933569
77833,TX,Brenham,30.17736,-96.402769
77835,TX,Burton,30.176744,-96.592475
77836,TX,Caldwell,30.529819,-96.714292
77837,TX,Calvert,30.978211,-96.67107
77840,TX,College Station,30.604476,-96.31227
77843,TX,College Station,30.614738,-96.340001
77845,TX,College Station,30.511811,-96.317113
77850,TX,Concord,31.263144,-96.102643
77853,TX,Dime Box,30.35786,-96.824781
77856,TX,Franklin,31.035013,-96.442643
77859,TX,Hearne,30.86686,-96.584256
77861,TX,Iola,30.732637,-96.091075
77864,TX,Madisonville,30.953335,-95.909094
77865,TX,Marquez,31.230889,-96.237499
77868,TX,Navasota,30.357645,-96.059357
77871,TX,Hilltop Lakes,31.087473,-96.147274
77872,TX,North Zulch,30.928531,-96.092486
77873,TX,Richards,30.538166,-95.861053
77879,TX,Somerville,30.407585,-96.535825
77880,TX,Washington,30.31819,-96.224948
77901,TX,Victoria,28.808953,-96.999347
77904,TX,Victoria,28.867482,-96.998993
77951,TX,Bloomington,28.68898,-96.884076
77954,TX,Cuero,29.090969,-97.281247
77957,TX,Edna,28.952714,-96.648766
77962,TX,Ganado,29.03084,-96.503078
77963,TX,Goliad,28.699257,-97.378321
77964,TX,Hallettsville,29.442609,-96.923423
77968,TX,Inez,28.899416,-96.800294
77971,TX,Lolita,28.772449,-96.47933
77974,TX,Meyersville,28.922921,-97.304161
77975,TX,Moulton,29.569992,-97.103122
77979,TX,Port Lavaca,28.601135,-96.625941
77982,TX,Port O Connor,28.140032,-96.775131
77983,TX,Seadrift,28.410113,-96.702279
77984,TX,Shiner,29.428038,-97.163955
77990,TX,Tivoli,28.440122,-96.887172
77994,TX,Westhoff,29.054983,-97.351102
77995,TX,Yoakum,29.283954,-97.13063
78002,TX,Atascosa,29.270501,-98.74212
78003,TX,Bandera,29.72755,-99.045279
78004,TX,Bergheim,29.839873,-98.593258
78005,TX,Bigfoot,29.053073,-98.85823
78006,TX,Sisterdale,29.77774,-98.713406
78007,TX,Calliham,28.417682,-98.407873
78008,TX,Campbellton,28.76699,-98.256573
78009,TX,Castroville,29.35532,-98.882391
78010,TX,Camp Verde,29.939658,-99.00714
78011,TX,Charlotte,28.864871,-98.707001
78013,TX,Comfort,29.979072,-98.843772
78014,TX,Cotulla,28.439837,-99.232818
78016,TX,Devine,29.152078,-98.908994
78017,TX,Dilley,28.678201,-99.174684
78019,TX,Encinal,28.051329,-99.340902
78021,TX,Fowlerton,28.488666,-98.851821
78022,TX,George West,28.320388,-98.116159
78023,TX,Grey Forest,29.592203,-98.703534
78024,TX,Hunt,30.002694,-99.482329
78025,TX,Ingram,30.073126,-99.269022
78026,TX,Jourdanton,28.902985,-98.544037
78027,TX,Kendalia,29.940619,-98.516556
78028,TX,Kerrville,30.041647,-99.140817
78039,TX,La Coste,29.308178,-98.812466
78040,TX,Laredo,27.515538,-99.498579
78041,TX,Laredo,27.556933,-99.490653
78043,TX,Rio Bravo,27.481537,-99.465488
78052,TX,Lytle,29.236568,-98.794489
78053,TX,Mc Coy,28.792661,-98.371565
78055,TX,Medina,29.790689,-99.306431
78056,TX,Mico,29.59105,-98.882106
78057,TX,Moore,29.035377,-98.987403
78058,TX,Mountain Home,30.213249,-99.318607
78059,TX,Natalia,29.211669,-98.855158
78060,TX,Oakville,28.464402,-98.055392
78061,TX,Pearsall,28.892317,-99.094361
78063,TX,Lakehills,29.631513,-98.922118
78064,TX,Pleasanton,28.992368,-98.483061
78065,TX,Poteet,29.099405,-98.624071
78066,TX,Riomedina,29.490395,-98.866865
78067,TX,San Ygnacio,27.062523,-99.427148
78069,TX,Somerset,29.211561,-98.621401
78070,TX,Spring Branch,29.923815,-98.378786
78071,TX,Three Rivers,28.475646,-98.178162
78072,TX,Tilden,28.419755,-98.569322
78073,TX,Von Ormy,29.274979,-98.667741
78075,TX,Whitsett,28.637316,-98.256484
78076,TX,Zapata,26.88966,-99.250625
78101,TX,Adkins,29.380542,-98.26504
78102,TX,Beeville,28.422246,-97.761571
78108,TX,Cibolo,29.574971,-98.227983
78109,TX,Converse,29.517331,-98.321673
78111,TX,Ecleto,29.020128,-97.741185
78112,TX,Elmendorf,29.230793,-98.371982
78113,TX,Falls City,28.981413,-98.015632
78114,TX,Floresville,29.169338,-98.193589
78116,TX,Gillett,29.051353,-97.834325
78117,TX,Hobson,28.944499,-97.970743
78118,TX,Karnes City,28.882757,-97.90707
78119,TX,Kenedy,28.804584,-97.845601
78121,TX,La Vernia,29.350905,-98.112971
78122,TX,Leesville,29.396142,-97.756622
78123,TX,Mc Queeney,29.605655,-98.037591
78124,TX,Marion,29.56835,-98.151709
78130,TX,Canyon Lake,29.694733,-98.113041
78132,TX,Canyon Lake,29.72939,-98.167212
78133,TX,Canyon Lake,29.870984,-98.249412
78140,TX,Nixon,29.301649,-97.752898
78141,TX,Nordheim,28.914225,-97.594579
78147,TX,Poth,29.06191,-98.08247
78148,TX,Randolph A F B,29.551608,-98.306742
78150,TX,Randolph A F B,29.53021,-98.279193
78151,TX,Runge,28.887556,-97.713824
78152,TX,Saint Hedwig,29.435284,-98.195223
78154,TX,Selma,29.568159,-98.272214
78155,TX,Seguin,29.561316,-97.962801
78159,TX,Smiley,29.265529,-97.622712
78160,TX,Stockdale,29.231907,-97.935082
78161,TX,Sutherland Sprin,29.277831,-98.070794
78163,TX,Wetmore,29.780175,-98.437846
78164,TX,Yorktown,28.989191,-97.512056
78201,TX,Balcones Heights,29.468525,-98.526352
78202,TX,San Antonio,29.427462,-98.460112
78203,TX,San Antonio,29.414799,-98.460127
78204,TX,San Antonio,29.400217,-98.5063
78205,TX,San Antonio,29.423711,-98.492509
78207,TX,San Antonio,29.422855,-98.525967
78208,TX,San Antonio,29.440039,-98.458983
78209,TX,Alamo Heights,29.488623,-98.455774
78210,TX,San Antonio,29.397718,-98.465796
78211,TX,San Antonio,29.358366,-98.545219
78212,TX,Olmos Park,29.461181,-98.495815
78213,TX,Castle Hills,29.513406,-98.522679
78214,TX,San Antonio,29.364115,-98.492436
78215,TX,San Antonio,29.441338,-98.479338
78216,TX,San Antonio,29.533387,-98.497511
78217,TX,San Antonio,29.539525,-98.419444
78218,TX,San Antonio,29.496852,-98.403184
78219,TX,Kirby,29.448794,-98.397315
78220,TX,San Antonio,29.410641,-98.412791
78221,TX,San Antonio,29.330913,-98.505417
78222,TX,San Antonio,29.383113,-98.396005
78223,TX,San Antonio,29.357869,-98.435628
78224,TX,San Antonio,29.337432,-98.539335
78225,TX,San Antonio,29.387497,-98.524494
78226,TX,San Antonio,29.393001,-98.551095
78227,TX,San Antonio,29.402687,-98.643311
78228,TX,San Antonio,29.458937,-98.569871
78229,TX,San Antonio,29.504228,-98.569726
78230,TX,San Antonio,29.540738,-98.552117
78231,TX,Shavano Park,29.571434,-98.536817
78232,TX,Hollywood Park,29.582833,-98.4673
78233,TX,Live Oak,29.554741,-98.369128
78234,TX,Fort Sam Houston,29.461961,-98.435404
78235,TX,Brooks A F B,29.341733,-98.439444
78236,TX,Wilford Hall U S,29.394267,-98.613367
78237,TX,San Antonio,29.420758,-98.564546
78238,TX,Leon Valley,29.476833,-98.615451
78239,TX,Windcrest,29.515686,-98.361604
78240,TX,San Antonio,29.518896,-98.600566
78241,TX,Kelly A F B,29.392432,-98.578063
78242,TX,San Antonio,29.350905,-98.610927
78244,TX,San Antonio,29.479264,-98.347585
78245,TX,San Antonio,29.418927,-98.689494
78247,TX,Wetmore,29.577604,-98.409783
78248,TX,San Antonio,29.58936,-98.520105
78249,TX,San Antonio,29.561245,-98.611666
78250,TX,San Antonio,29.505394,-98.668765
78251,TX,San Antonio,29.459743,-98.655472
78252,TX,San Antonio,29.346015,-98.646395
78253,TX,San Antonio,29.459923,-98.747931
78254,TX,San Antonio,29.54091,-98.724841
78255,TX,San Antonio,29.636875,-98.655572
78256,TX,San Antonio,29.616946,-98.625215
78257,TX,San Antonio,29.64953,-98.613701
78258,TX,San Antonio,29.65624,-98.496699
78259,TX,San Antonio,29.628331,-98.444495
78260,TX,San Antonio,29.702578,-98.475908
78261,TX,San Antonio,29.705463,-98.419092
78263,TX,San Antonio,29.36143,-98.317386
78264,TX,San Antonio,29.173345,-98.472272
78266,TX,Garden Ridge,29.644226,-98.312774
78332,TX,Alice,27.743171,-98.083622
78336,TX,Aransas Pass,27.909498,-97.159091
78338,TX,Armstrong,26.738706,-97.709291
78340,TX,Bayside,28.096758,-97.210643
78343,TX,Bishop,27.588564,-97.783031
78344,TX,Bruni,27.435329,-98.850108
78349,TX,Concepcion,27.544266,-98.381489
78353,TX,Encino,26.924862,-98.192168
78355,TX,Falfurrias,27.22416,-98.140844
78357,TX,Freer,27.879984,-98.606129
78358,TX,Fulton,28.223448,-96.808377
78360,TX,Guerra,26.912753,-98.918886
78361,TX,Hebbronville,27.2997,-98.682888
78362,TX,Ingleside,27.868238,-97.206906
78363,TX,Kingsville Naval,27.507418,-97.859598
78368,TX,Mathis,28.080208,-97.809659
78369,TX,Mirando City,27.445038,-99.001117
78370,TX,Odem,27.940306,-97.583752
78372,TX,Orange Grove,27.948659,-97.983835
78374,TX,Portland,27.893547,-97.316931
78375,TX,Premont,27.354444,-98.133018
78376,TX,Realitos,27.416283,-98.535493
78377,TX,Refugio,28.316944,-97.276665
78379,TX,Riviera,27.321735,-97.778707
78380,TX,Robstown,27.798395,-97.699523
78382,TX,Rockport,28.030778,-97.068773
78383,TX,Sandia,28.070879,-97.897849
78384,TX,San Diego,27.76535,-98.250297
78385,TX,Sarita,27.149622,-97.857627
78387,TX,Sinton,28.033895,-97.519582
78389,TX,Skidmore,28.230577,-97.666071
78390,TX,Taft,27.976517,-97.396623
78391,TX,Tynan,28.169341,-97.754881
78393,TX,Woodsboro,28.223222,-97.31921
78401,TX,Corpus Christi,27.794086,-97.402994
78402,TX,Corpus Christi,27.82621,-97.385659
78404,TX,Corpus Christi,27.768329,-97.401255
78405,TX,Corpus Christi,27.776234,-97.427132
78406,TX,Corpus Christi,27.768412,-97.51445
78407,TX,Corpus Christi,27.804195,-97.435597
78408,TX,Corpus Christi,27.794477,-97.43815
78409,TX,Corpus Christi,27.814555,-97.527034
78410,TX,Corpus Christi,27.84585,-97.596002
78411,TX,Corpus Christi,27.731139,-97.387732
78412,TX,Corpus Christi,27.70608,-97.353694
78413,TX,Corpus Christi,27.691041,-97.39832
78414,TX,Corpus Christi,27.677016,-97.365016
78415,TX,Corpus Christi,27.726204,-97.40778
78416,TX,Corpus Christi,27.753593,-97.43468
78417,TX,Corpus Christi,27.728964,-97.449429
78418,TX,Corpus Christi,27.668531,-97.266558
78419,TX,Corpus Christi,27.692502,-97.27636
78473,TX,Corpus Christi,27.79515,-97.396624
78501,TX,Mcallen,26.21544,-98.235871
78503,TX,Mcallen,26.177115,-98.251974
78504,TX,Mcallen,26.255645,-98.230253
78516,TX,Alamo,26.190578,-98.116445
78520,TX,Brownsville,25.933743,-97.517413
78521,TX,Brownsville,25.922103,-97.461236
78536,TX,Delmita,26.656571,-98.396553
78537,TX,Donna,26.167138,-98.052925
78538,TX,Monte Alto,26.304208,-97.975473
78539,TX,Edinburg,26.304221,-98.156922
78547,TX,Garciasville,26.312894,-98.669112
78548,TX,Grulla,26.293714,-98.596041
78549,TX,Hargill,26.433812,-97.99933
78550,TX,Harlingen,26.195142,-97.688981
78552,TX,Harlingen,26.183069,-97.746771
78557,TX,Hidalgo,26.102832,-98.253641
78559,TX,La Feria,26.166556,-97.826115
78563,TX,Linn,26.542054,-98.17987
78566,TX,Bayview,26.091068,-97.490402
78569,TX,Lyford,26.408926,-97.781653
78570,TX,Mercedes,26.15133,-97.918503
78572,TX,Alton,26.24153,-98.342647
78577,TX,Pharr,26.177053,-98.187022
78578,TX,Port Isabel,26.08764,-97.254389
78580,TX,Raymondville,26.479243,-97.79666
78582,TX,Rio Grande City,26.394194,-98.810444
78583,TX,Rio Hondo,26.233855,-97.551311
78584,TX,Roma,26.421545,-99.002479
78586,TX,San Benito,26.133659,-97.644748
78588,TX,San Isidro,26.721404,-98.416147
78589,TX,San Juan,26.204375,-98.153729
78590,TX,San Perlita,26.483156,-97.615699
78591,TX,Santa Elena,26.73364,-98.519412
78593,TX,Santa Rosa,26.255508,-97.825663
78594,TX,Sebastian,26.34524,-97.774728
78595,TX,Sullivan City,26.27197,-98.562713
78596,TX,Weslaco,26.169444,-97.988714
78597,TX,South Padre Isla,26.111105,-97.167294
78598,TX,Port Mansfield,26.555237,-97.427982
78602,TX,Bastrop,30.13883,-97.292101
78603,TX,Bebe,29.422211,-97.626594
78605,TX,Bertram,30.741082,-98.052932
78606,TX,Blanco,30.087359,-98.410663
78607,TX,Bluffton,30.825633,-98.51503
78608,TX,Briggs,30.932546,-97.970228
78609,TX,Buchanan Dam,30.759765,-98.453226
78610,TX,Buda,30.091758,-97.853422
78611,TX,Burnet,30.776597,-98.26424
78612,TX,Cedar Creek,30.096636,-97.497602
78613,TX,Cedar Park,30.477165,-97.817571
78614,TX,Cost,29.432098,-97.553124
78615,TX,Coupland,30.532357,-97.330364
78616,TX,Dale,29.952785,-97.580968
78617,TX,Del Valle,30.174492,-97.613443
78618,TX,Doss,30.461319,-99.17072
78619,TX,Driftwood,30.159351,-98.052372
78620,TX,Dripping Springs,30.226768,-98.102947
78621,TX,Elgin,30.323136,-97.373748
78623,TX,Fischer,29.969588,-98.258283
78624,TX,Fredericksburg,30.281658,-98.879928
78626,TX,Georgetown,30.633038,-97.670704
78628,TX,Andice,30.659364,-97.700939
78629,TX,Gonzales,29.50857,-97.449456
78631,TX,Harper,30.281637,-99.241048
78632,TX,Harwood,29.666108,-97.490622
78634,TX,Hutto,30.525725,-97.567203
78635,TX,Hye,30.226866,-98.539607
78636,TX,Johnson City,30.294806,-98.369082
78638,TX,Kingsbury,29.672566,-97.830634
78639,TX,Kingsland,30.666212,-98.447492
78640,TX,Uhland,30.0043,-97.837106
78641,TX,Leander,30.552888,-97.875166
78642,TX,Liberty Hill,30.662953,-97.931598
78643,TX,Sunrise Beach,30.722533,-98.652727
78644,TX,Lockhart,29.886759,-97.676922
78645,TX,Jonestown,30.459796,-97.97023
78648,TX,Luling,29.682621,-97.649947
78650,TX,Mc Dade,30.296816,-97.238556
78652,TX,Manchaca,30.127267,-97.853793
78653,TX,Manor,30.338817,-97.532295
78654,TX,Cypress Mill,30.57228,-98.306992
78655,TX,Martindale,29.793328,-97.79332
78656,TX,Maxwell,29.878628,-97.852852
78659,TX,Paige,30.185799,-97.119771
78660,TX,Pflugerville,30.442133,-97.629895
78662,TX,Red Rock,29.990616,-97.408058
78663,TX,Round Mountain,30.442879,-98.436514
78664,TX,Round Rock,30.51452,-97.668028
78665,TX,Sandy,30.339127,-98.509846
78666,TX,San Marcos,29.875359,-97.940418
78669,TX,Spicewood,30.389945,-98.05392
78671,TX,Albert,30.224921,-98.655468
78672,TX,Tow,30.860867,-98.459647
78675,TX,Willow City,30.454889,-98.664589
78676,TX,Wimberley,30.026471,-98.11231
78677,TX,Wrightsboro,29.357772,-97.503531
78681,TX,Round Rock,30.508431,-97.706171
78701,TX,Austin,30.271289,-97.742559
78702,TX,Austin,30.263817,-97.716589
78703,TX,Austin,30.290671,-97.764809
78704,TX,Austin,30.242831,-97.765788
78705,TX,Austin,30.289619,-97.739627
78717,TX,Austin,30.505972,-97.747187
78719,TX,Austin,30.180243,-97.666701
78721,TX,Austin,30.272144,-97.686798
78722,TX,Austin,30.289305,-97.71495
78723,TX,Austin,30.308515,-97.684941
78724,TX,Austin,30.295982,-97.639587
78725,TX,Austin,30.256186,-97.624301
78726,TX,Austin,30.43,-97.832649
78727,TX,Austin,30.425422,-97.719488
78728,TX,Austin,30.441679,-97.681123
78729,TX,Austin,30.45206,-97.768787
78730,TX,Austin,30.360745,-97.824062
78731,TX,Austin,30.347129,-97.760887
78732,TX,Austin,30.375233,-97.900685
78733,TX,Austin,30.331355,-97.866633
78734,TX,Lakeway,30.377404,-97.957558
78735,TX,Austin,30.248978,-97.841423
78736,TX,Austin,30.244433,-97.915968
78737,TX,Austin,30.210692,-97.942749
78738,TX,Austin,30.333708,-97.982367
78739,TX,Austin,30.172026,-97.878433
78741,TX,Austin,30.231513,-97.722317
78742,TX,Austin,30.231296,-97.670349
78744,TX,Austin,30.18764,-97.74723
78745,TX,Austin,30.206298,-97.795599
78746,TX,West Lake Hills,30.285009,-97.808129
78747,TX,Creedmoor,30.130235,-97.762127
78748,TX,Austin,30.174311,-97.822474
78749,TX,Austin,30.216641,-97.850755
78750,TX,Austin,30.422401,-97.796676
78751,TX,Austin,30.309288,-97.724163
78752,TX,Austin,30.331562,-97.700394
78753,TX,Austin,30.36485,-97.682658
78754,TX,Austin,30.342331,-97.667267
78756,TX,Austin,30.322312,-97.739032
78757,TX,Austin,30.343732,-97.731617
78758,TX,Austin,30.376431,-97.707758
78759,TX,Austin,30.403614,-97.752602
78801,TX,Uvalde,29.217238,-99.793074
78827,TX,Asherton,28.436421,-99.748611
78828,TX,Barksdale,29.708488,-100.070983
78829,TX,Batesville,28.928648,-99.611457
78830,TX,Big Wells,28.569344,-99.578083
78832,TX,Brackettville,29.30963,-100.415495
78833,TX,Camp Wood,29.679491,-100.00838
78834,TX,Carrizo Springs,28.52779,-99.863513
78837,TX,Comstock,29.74842,-101.262755
78838,TX,Concan,29.524057,-99.684244
78839,TX,Crystal City,28.686953,-99.826412
78840,TX,Laughlin A F B,29.373881,-100.891555
78850,TX,D Hanis,29.3398,-99.283488
78851,TX,Dryden,30.165108,-102.33207
78852,TX,Eagle Pass,28.702786,-100.48176
78861,TX,Dunlay,29.356065,-99.127637
78870,TX,Knippa,29.291119,-99.637171
78872,TX,La Pryor,28.948848,-99.85074
78873,TX,Leakey,29.768951,-99.747913
78877,TX,Spofford,28.942688,-100.574181
78879,TX,Rio Frio,29.658295,-99.772337
78880,TX,Rocksprings,30.018756,-100.231029
78881,TX,Sabinal,29.326668,-99.478109
78883,TX,Tarpley,29.645494,-99.246874
78884,TX,Utopia,29.597197,-99.558454
78885,TX,Vanderpool,29.741779,-99.555542
78886,TX,Yancey,29.140398,-99.14277
78931,TX,Bleiblerville,29.967572,-96.418719
78932,TX,Carmine,30.140351,-96.686077
78933,TX,Cat Spring,29.751204,-96.390029
78934,TX,Columbus,29.703247,-96.5527
78935,TX,Alleyton,29.745286,-96.46312
78938,TX,Ellinger,29.845915,-96.69663
78940,TX,Fayetteville,29.886789,-96.646317
78941,TX,Flatonia,29.709493,-97.098685
78942,TX,Giddings,30.177725,-96.93322
78944,TX,Industry,29.971789,-96.518849
78945,TX,La Grange,29.903978,-96.885988
78946,TX,Ledbetter,30.238307,-96.761276
78947,TX,Lexington,30.419144,-97.052387
78948,TX,Lincoln,30.317693,-96.970159
78949,TX,Muldoon,29.799305,-97.100562
78950,TX,New Ulm,29.814248,-96.537963
78953,TX,Rosanky,29.924122,-97.311875
78954,TX,Round Top,30.041131,-96.734058
78956,TX,Schulenburg,29.688247,-96.910564
78957,TX,Smithville,30.017813,-97.149396
78959,TX,Waelder,29.6868,-97.295798
78962,TX,Weimar,29.678707,-96.755045
78963,TX,West Point,29.95235,-97.036129
79001,TX,Adrian,35.275807,-102.69699
79005,TX,Booker,36.442948,-100.523791
79007,TX,Phillips,35.664299,-101.403245
79009,TX,Bovina,34.481504,-102.806115
79011,TX,Briscoe,35.58547,-100.167923
79014,TX,Glazier,35.885906,-100.353875
79015,TX,Canyon,34.977222,-101.924705
79018,TX,Channing,35.782572,-102.334269
79019,TX,Claude,35.096715,-101.381271
79022,TX,Dalhart,36.073183,-102.517658
79027,TX,Dimmitt,34.534089,-102.304634
79029,TX,Dumas,35.882315,-101.967984
79031,TX,Earth,34.241521,-102.421284
79034,TX,Follett,36.430923,-100.206776
79035,TX,Black,34.640298,-102.719139
79036,TX,Fritch,35.644121,-101.584482
79039,TX,Groom,35.216761,-101.12846
79040,TX,Gruver,36.286805,-101.408906
79041,TX,Hale Center,34.066943,-101.873623
79042,TX,Happy,34.721899,-101.825632
79043,TX,Hart,34.387838,-102.115534
79044,TX,Hartley,35.931122,-102.52213
79045,TX,Hereford,34.837037,-102.40503
79046,TX,Higgins,36.136504,-100.095191
79052,TX,Kress,34.373703,-101.73705
79056,TX,Lipscomb,36.223031,-100.270164
79057,TX,Kellerville,35.234051,-100.611303
79059,TX,Miami,35.719301,-100.702715
79061,TX,Mobeetie,35.529717,-100.424158
79062,TX,Morse,36.059579,-101.47288
79063,TX,Nazareth,34.544356,-102.106914
79064,TX,Olton,34.184418,-102.141415
79065,TX,Pampa,35.538043,-100.957885
79068,TX,Panhandle,35.380841,-101.43037
79070,TX,Perryton,36.374825,-100.815558
79072,TX,Plainview,34.196194,-101.725896
79079,TX,Twitty,35.220596,-100.262152
79080,TX,Skellytown,35.568489,-101.172134
79081,TX,Spearman,36.192689,-101.195234
79082,TX,Springlake,34.23932,-102.308999
79083,TX,Stinnett,35.837661,-101.450011
79084,TX,Stratford,36.33349,-101.988568
79085,TX,Summerfield,34.727244,-102.49919
79086,TX,Sunray,36.009707,-101.812334
79087,TX,Texline,36.374034,-102.984516
79088,TX,Vigo Park,34.540258,-101.762864
79092,TX,Vega,35.373212,-102.356572
79094,TX,Wayside,34.803353,-101.545434
79095,TX,Wellington,34.871726,-100.220721
79096,TX,Wheeler,35.431852,-100.256824
79097,TX,White Deer,35.42781,-101.173993
79098,TX,Wildorado,35.19156,-102.211754
79101,TX,Amarillo,35.203238,-101.842052
79102,TX,Amarillo,35.199854,-101.84963
79103,TX,Amarillo,35.175134,-101.797587
79104,TX,Amarillo,35.193918,-101.797503
79106,TX,Amarillo,35.197741,-101.894918
79107,TX,Amarillo,35.230866,-101.805962
79108,TX,Amarillo,35.277866,-101.830025
79109,TX,Amarillo,35.166332,-101.886764
79110,TX,Amarillo,35.154468,-101.864063
79111,TX,Amarillo,35.228619,-101.670342
79118,TX,Amarillo,35.07629,-101.834936
79119,TX,Amarillo,35.064214,-101.97432
79121,TX,Amarillo,35.169689,-101.926594
79124,TX,Amarillo,35.270269,-101.942952
79201,TX,Kirkland,34.428124,-100.21017
79220,TX,Afton,33.771837,-100.802131
79225,TX,Chillicothe,34.243946,-99.515669
79226,TX,Clarendon,34.952878,-100.895157
79227,TX,Crowell,33.991208,-99.698345
79229,TX,Dickens,33.627996,-100.819695
79230,TX,Dodson,34.764354,-100.028593
79232,TX,Dumont,33.656735,-100.319829
79234,TX,Flomot,34.232076,-101.003824
79235,TX,Floydada,33.974296,-101.334564
79237,TX,Hedley,34.869787,-100.680632
79239,TX,Lakeview,34.672437,-100.725921
79241,TX,Lockney,34.145827,-101.425934
79243,TX,Mcadoo,33.741265,-100.983293
79244,TX,Matador,34.052507,-100.836138
79245,TX,Memphis,34.712237,-100.534653
79248,TX,Chalk,34.019154,-100.305917
79250,TX,Petersburg,33.876806,-101.604591
79251,TX,Quail,34.917969,-100.425243
79252,TX,Quanah,34.29555,-99.749438
79255,TX,Quitaque,34.379605,-101.046458
79256,TX,Roaring Springs,33.897669,-100.852818
79257,TX,Silverton,34.464089,-101.316899
79259,TX,Tell,34.378164,-100.396482
79260,TX,Truscott,33.75323,-99.662455
79261,TX,Turkey,34.403644,-100.844875
79311,TX,Abernathy,33.849961,-101.861111
79312,TX,Amherst,33.997608,-102.441614
79313,TX,Anton,33.804278,-102.165165
79316,TX,Brownfield,33.169801,-102.276157
79320,TX,Bula,33.89696,-102.656426
79322,TX,Crosbyton,33.656159,-101.228733
79323,TX,Denver City,32.971114,-102.831251
79324,TX,Enochs,33.850225,-102.764107
79325,TX,Farwell,34.386025,-102.990064
79326,TX,Fieldton,34.091878,-102.269692
79329,TX,Idalou,33.650376,-101.678579
79331,TX,Lamesa,32.736677,-101.956914
79336,TX,Levelland,33.578778,-102.367591
79339,TX,Littlefield,33.921195,-102.320697
79342,TX,Loop,32.916169,-102.422084
79343,TX,Lorenzo,33.666626,-101.527736
79344,TX,Maple,33.8622,-102.926588
79345,TX,Meadow,33.332098,-102.249196
79346,TX,Morton,33.715718,-102.779619
79347,TX,Muleshoe,34.219308,-102.749631
79351,TX,Odonnell,32.977331,-101.827099
79353,TX,Pep,33.810434,-102.56558
79355,TX,Plains,33.189354,-102.829367
79356,TX,Post,33.201695,-101.39216
79357,TX,Cone,33.678977,-101.382738
79358,TX,Ropesville,33.457499,-102.15841
79359,TX,Seagraves,32.93172,-102.578075
79360,TX,Seminole,32.721045,-102.682761
79363,TX,Shallowater,33.691859,-101.983626
79364,TX,Ransom Canyon,33.436795,-101.65192
79366,TX,Ransom Canyon,33.533019,-101.690805
79370,TX,Spur,33.479016,-100.857116
79371,TX,Sudan,34.069661,-102.525525
79373,TX,Tahoka,33.198803,-101.821976
79376,TX,Tokio,33.18259,-102.576753
79377,TX,Welch,32.893827,-102.106792
79379,TX,Whiteface,33.586575,-102.638941
79381,TX,Wilson,33.329862,-101.712231
79382,TX,Wolfforth,33.530381,-102.026101
79401,TX,Lubbock,33.586527,-101.860634
79403,TX,Lubbock,33.619573,-101.80982
79404,TX,Lubbock,33.525979,-101.833263
79405,TX,Lubbock,33.570972,-101.850655
79406,TX,Lubbock,33.581934,-101.877828
79407,TX,Lubbock,33.568369,-101.942333
79410,TX,Lubbock,33.56931,-101.890377
79411,TX,Lubbock,33.570393,-101.862593
79412,TX,Lubbock,33.546313,-101.857737
79413,TX,Lubbock,33.546597,-101.887142
79414,TX,Lubbock,33.549728,-101.918666
79415,TX,Lubbock,33.602117,-101.876015
79416,TX,Lubbock,33.592397,-101.936705
79423,TX,Lubbock,33.514604,-101.87946
79424,TX,Lubbock,33.515866,-101.93439
79489,TX,Reese Air Force,33.594344,-102.028792
79501,TX,Anson,32.748894,-99.895301
79502,TX,Aspermont,33.130059,-100.234372
79503,TX,Avoca,32.883225,-99.69642
79504,TX,Baird,32.391557,-99.37766
79506,TX,Blackwell,32.082044,-100.311078
79510,TX,Clyde,32.380289,-99.518445
79511,TX,Coahoma,32.294215,-101.319681
79512,TX,Colorado City,32.398736,-100.860948
79517,TX,Fluvanna,32.781022,-101.041966
79518,TX,Girard,33.363202,-100.693688
79519,TX,Goldsboro,32.048213,-99.677457
79520,TX,Hamlin,32.879893,-100.128014
79521,TX,Haskell,33.157993,-99.730923
79525,TX,Hawley,32.594965,-99.795994
79526,TX,Hermleigh,32.629441,-100.754714
79527,TX,Ira,32.621274,-101.025419
79528,TX,Jayton,33.251774,-100.582482
79529,TX,Knox City,33.418294,-99.8137
79530,TX,Lawn,32.136012,-99.735081
79532,TX,Loraine,32.385047,-100.72851
79533,TX,Lueders,32.762339,-99.672792
79534,TX,Mc Caulley,32.778654,-100.216784
79535,TX,Maryneal,32.202639,-100.497178
79536,TX,Merkel,32.444371,-99.992443
79537,TX,Nolan,32.279333,-100.267053
79538,TX,Novice,32.000927,-99.59353
79539,TX,O Brien,33.374869,-99.847303
79540,TX,Old Glory,33.184162,-100.153155
79541,TX,Ovalo,32.155257,-99.822873
79542,TX,79542,33.204065,-100.394624
79543,TX,Roby,32.722016,-100.400766
79544,TX,Rochester,33.310457,-99.859366
79545,TX,Roscoe,32.427558,-100.539088
79546,TX,Rotan,32.855521,-100.470489
79547,TX,Rule,33.184163,-99.889354
79548,TX,Sagerton,33.051321,-99.892329
79549,TX,Dermott,32.715105,-100.907485
79553,TX,Stamford,32.945323,-99.78593
79556,TX,Sweetwater,32.472589,-100.397908
79560,TX,Sylvester,32.717909,-100.242497
79561,TX,Trent,32.489752,-100.119488
79562,TX,Tuscola,32.234955,-99.82439
79563,TX,Tye,32.447728,-99.868434
79565,TX,Westbrook,32.353195,-100.990719
79566,TX,Wingate,32.031777,-100.118311
79567,TX,Winters,31.962028,-99.955114
79601,TX,Abilene,32.468155,-99.718208
79602,TX,Abilene,32.41783,-99.721448
79603,TX,Abilene,32.467852,-99.761916
79605,TX,Abilene,32.431987,-99.772374
79606,TX,Abilene,32.392038,-99.774578
79607,TX,Dyess Afb,32.418956,-99.82214
79701,TX,Midland,31.989636,-102.06261
79703,TX,Midland,31.972106,-102.136854
79705,TX,Midland,32.029473,-102.091483
79707,TX,Midland,32.019911,-102.147599
79713,TX,Ackerly,32.609085,-101.795132
79714,TX,Andrews,32.320125,-102.540926
79718,TX,Balmorhea,31.012361,-103.693316
79719,TX,Barstow,31.463908,-103.397086
79720,TX,Vealmoor,32.241767,-101.467517
79730,TX,Coyanosa,31.229547,-103.053815
79731,TX,Crane,31.396949,-102.354382
79734,TX,Fort Davis,30.613144,-103.936434
79735,TX,Fort Stockton,30.890785,-102.879942
79738,TX,Gail,32.752334,-101.450032
79739,TX,Garden City,31.849078,-101.526912
79741,TX,Goldsmith,31.95412,-102.625047
79742,TX,Grandfalls,31.345856,-102.856778
79743,TX,Imperial,31.237264,-102.710918
79744,TX,Iraan,30.915564,-101.915175
79745,TX,Kermit,31.85496,-103.091269
79748,TX,Knott,32.412489,-101.651731
79749,TX,Lenorah,32.439157,-101.761137
79752,TX,Mc Camey,31.131894,-102.215325
79754,TX,Mentone,31.738374,-103.550316
79755,TX,Midkiff,31.306761,-101.926913
79756,TX,Monahans,31.581294,-102.900273
79758,TX,Gardendale,32.024476,-102.357237
79761,TX,Odessa,31.857945,-102.352252
79762,TX,Odessa,31.889029,-102.354806
79763,TX,Odessa,31.834085,-102.416179
79764,TX,Odessa,31.876683,-102.437465
79765,TX,Odessa,31.937548,-102.394403
79766,TX,Odessa,31.782683,-102.344863
79772,TX,Verhalen,31.414384,-103.508129
79777,TX,Pyote,31.539491,-103.139676
79781,TX,Sheffield,30.693549,-101.859963
79782,TX,Stanton,32.139992,-101.809887
79783,TX,Tarzan,32.357523,-101.960723
79789,TX,Wink,31.752673,-103.156084
79821,TX,Anthony,31.990718,-106.597625
79830,TX,Alpine,30.263111,-103.654089
79834,TX,Big Bend Nationa,29.147657,-103.330626
79835,TX,Canutillo,31.934379,-106.592888
79836,TX,Clint,31.549418,-106.20383
79837,TX,Dell City,31.923975,-105.209902
79839,TX,Fort Hancock,31.296887,-105.823448
79842,TX,Marathon,30.18858,-103.221397
79843,TX,Marfa,30.292982,-104.084835
79845,TX,Presidio,29.557302,-104.35511
79847,TX,Salt Flat,31.359027,-104.611467
79851,TX,Sierra Blanca,31.193821,-105.321874
79852,TX,Terlingua,29.31648,-103.559671
79854,TX,Valentine,30.620043,-104.481096
79855,TX,Kent,31.042879,-104.832249
79901,TX,El Paso,31.758411,-106.478311
79902,TX,El Paso,31.776317,-106.493165
79903,TX,El Paso,31.786213,-106.440569
79904,TX,El Paso,31.853334,-106.438135
79905,TX,El Paso,31.767447,-106.430445
79906,TX,Fort Bliss,31.807631,-106.421611
79907,TX,El Paso,31.708908,-106.329281
79908,TX,Fort Bliss,31.82753,-106.386711
79912,TX,El Paso,31.838309,-106.536433
79915,TX,El Paso,31.743234,-106.368605
79916,TX,Fort Bliss,31.794873,-106.159157
79922,TX,El Paso,31.821767,-106.573176
79924,TX,El Paso,31.902098,-106.414857
79925,TX,El Paso,31.781402,-106.361317
79927,TX,Horizon City,31.653014,-106.273064
79930,TX,El Paso,31.804795,-106.456754
79932,TX,El Paso,31.862334,-106.593186
79934,TX,El Paso,31.938585,-106.407328
79935,TX,El Paso,31.771847,-106.330258
79936,TX,El Paso,31.767655,-106.30159